DROP TABLE IF EXISTS `attribute_options`;
CREATE TABLE `attribute_options` (
  `id` int(11) NOT NULL AUTO_INCREMENT,
  `attribute_id` int(11) NOT NULL,
  `value` varchar(255) NOT NULL,
  PRIMARY KEY (`id`),
  KEY `idx_attribute` (`attribute_id`)
) ENGINE=InnoDB AUTO_INCREMENT=25 DEFAULT CHARSET=latin1;

DROP TABLE IF EXISTS `attributes`;
CREATE TABLE `attributes` (
  `id` int(11) NOT NULL AUTO_INCREMENT,
  `name` varchar(255) NOT NULL,
  PRIMARY KEY (`id`)
) ENGINE=InnoDB AUTO_INCREMENT=4 DEFAULT CHARSET=latin1;

DROP TABLE IF EXISTS `banner`;
CREATE TABLE `banner` (
  `id` int(11) NOT NULL AUTO_INCREMENT,
  `title` varchar(255) NOT NULL,
  `subtitle` varchar(255) DEFAULT NULL,
  `description` text,
  `created_at` timestamp NOT NULL DEFAULT CURRENT_TIMESTAMP,
  `updated_at` timestamp NOT NULL DEFAULT CURRENT_TIMESTAMP ON UPDATE CURRENT_TIMESTAMP,
  `display_order` int(11) DEFAULT NULL,
  `link` varchar(255) DEFAULT NULL,
  `image_url` varchar(255) DEFAULT NULL,
  PRIMARY KEY (`id`)
) ENGINE=InnoDB AUTO_INCREMENT=3 DEFAULT CHARSET=latin1;

DROP TABLE IF EXISTS `brands`;
CREATE TABLE `brands` (
  `id` int(11) NOT NULL AUTO_INCREMENT,
  `name` varchar(255) NOT NULL,
  PRIMARY KEY (`id`)
) ENGINE=InnoDB AUTO_INCREMENT=5 DEFAULT CHARSET=latin1;

DROP TABLE IF EXISTS `categories`;
CREATE TABLE `categories` (
  `id` int(11) NOT NULL AUTO_INCREMENT,
  `name` varchar(255) NOT NULL,
  `description` text,
  `parent_id` int(11) DEFAULT NULL,
  `image_url` varchar(255) DEFAULT NULL,
  PRIMARY KEY (`id`),
  KEY `idx_parent` (`parent_id`)
) ENGINE=InnoDB AUTO_INCREMENT=21 DEFAULT CHARSET=latin1;

DROP TABLE IF EXISTS `customers`;
CREATE TABLE `customers` (
  `id` int(11) NOT NULL AUTO_INCREMENT,
  `username` varchar(255) NOT NULL,
  `email` varchar(255) NOT NULL,
  `password` varchar(255) NOT NULL,
  `address_id` int(11) DEFAULT NULL,
  `is_active` tinyint(1) DEFAULT '1',
  `created_at` timestamp NOT NULL DEFAULT CURRENT_TIMESTAMP,
  `updated_at` timestamp NOT NULL DEFAULT CURRENT_TIMESTAMP ON UPDATE CURRENT_TIMESTAMP,
  `lastname` varchar(255) NOT NULL,
  `photo` varchar(255) DEFAULT NULL,
  `name` varchar(255) DEFAULT NULL,
  PRIMARY KEY (`id`),
  UNIQUE KEY `email` (`email`) USING BTREE
) ENGINE=InnoDB AUTO_INCREMENT=5 DEFAULT CHARSET=utf8mb4;

DROP TABLE IF EXISTS `customers_addresses`;
CREATE TABLE `customers_addresses` (
  `id` int(11) NOT NULL AUTO_INCREMENT,
  `name` varchar(255) DEFAULT NULL,
  `description` varchar(255) DEFAULT NULL,
  `id_customer` int(11) DEFAULT NULL,
  `created_at` timestamp NOT NULL DEFAULT CURRENT_TIMESTAMP,
  `updated_at` timestamp NOT NULL DEFAULT CURRENT_TIMESTAMP ON UPDATE CURRENT_TIMESTAMP,
  PRIMARY KEY (`id`),
  KEY `id_customer` (`id_customer`),
  CONSTRAINT `customers_addresses_ibfk_1` FOREIGN KEY (`id_customer`) REFERENCES `customers` (`id`)
) ENGINE=InnoDB DEFAULT CHARSET=latin1;

DROP TABLE IF EXISTS `permissions`;
CREATE TABLE `permissions` (
  `id` int(11) NOT NULL AUTO_INCREMENT,
  `name` varchar(255) NOT NULL,
  `created_at` timestamp NOT NULL DEFAULT CURRENT_TIMESTAMP,
  `updated_at` timestamp NOT NULL DEFAULT CURRENT_TIMESTAMP ON UPDATE CURRENT_TIMESTAMP,
  PRIMARY KEY (`id`)
) ENGINE=InnoDB AUTO_INCREMENT=28 DEFAULT CHARSET=utf8mb4;

DROP TABLE IF EXISTS `product_categories`;
CREATE TABLE `product_categories` (
  `product_id` int(11) NOT NULL,
  `category_id` int(11) NOT NULL,
  PRIMARY KEY (`product_id`,`category_id`),
  KEY `idx_category` (`category_id`)
) ENGINE=InnoDB DEFAULT CHARSET=latin1;

DROP TABLE IF EXISTS `products`;
CREATE TABLE `products` (
  `id` int(11) NOT NULL AUTO_INCREMENT,
  `name` varchar(255) NOT NULL,
  `description` text,
  `brand_id` int(11) DEFAULT NULL,
  `created_at` timestamp NOT NULL DEFAULT CURRENT_TIMESTAMP,
  `updated_at` timestamp NOT NULL DEFAULT CURRENT_TIMESTAMP ON UPDATE CURRENT_TIMESTAMP,
  `base_price` decimal(10,2) DEFAULT NULL,
  PRIMARY KEY (`id`),
  KEY `idx_brand` (`brand_id`)
) ENGINE=InnoDB AUTO_INCREMENT=5 DEFAULT CHARSET=latin1;

DROP TABLE IF EXISTS `roles`;
CREATE TABLE `roles` (
  `id` int(11) NOT NULL AUTO_INCREMENT,
  `name` varchar(255) NOT NULL,
  `created_at` timestamp NOT NULL DEFAULT CURRENT_TIMESTAMP,
  `updated_at` timestamp NOT NULL DEFAULT CURRENT_TIMESTAMP ON UPDATE CURRENT_TIMESTAMP,
  PRIMARY KEY (`id`)
) ENGINE=InnoDB AUTO_INCREMENT=16 DEFAULT CHARSET=utf8mb4;

DROP TABLE IF EXISTS `roles_sections`;
CREATE TABLE `roles_sections` (
  `id` int(11) NOT NULL AUTO_INCREMENT,
  `id_section` int(11) DEFAULT NULL,
  `id_rol` int(11) DEFAULT NULL,
  PRIMARY KEY (`id`),
  KEY `id_rol` (`id_rol`) USING BTREE,
  KEY `id_section` (`id_section`) USING BTREE,
  CONSTRAINT `roles_sections_ibfk_1` FOREIGN KEY (`id_section`) REFERENCES `sections` (`id`) ON DELETE CASCADE ON UPDATE CASCADE,
  CONSTRAINT `roles_sections_ibfk_2` FOREIGN KEY (`id_rol`) REFERENCES `roles` (`id`) ON DELETE CASCADE ON UPDATE CASCADE
) ENGINE=InnoDB AUTO_INCREMENT=107 DEFAULT CHARSET=latin1;

DROP TABLE IF EXISTS `sections`;
CREATE TABLE `sections` (
  `id` int(11) NOT NULL AUTO_INCREMENT,
  `name` varchar(255) DEFAULT NULL,
  `url` varchar(255) DEFAULT NULL,
  `image` varchar(255) DEFAULT NULL,
  `display_order` int(11) DEFAULT NULL,
  PRIMARY KEY (`id`)
) ENGINE=InnoDB AUTO_INCREMENT=10 DEFAULT CHARSET=latin1;

DROP TABLE IF EXISTS `services`;
CREATE TABLE `services` (
  `id` int(11) NOT NULL AUTO_INCREMENT,
  `title` varchar(255) NOT NULL,
  `subtitle` varchar(255) DEFAULT NULL,
  `image_url` varchar(255) DEFAULT NULL,
  `slug` varchar(255) DEFAULT NULL,
  `description` text,
  `created_at` timestamp NOT NULL DEFAULT CURRENT_TIMESTAMP,
  `updated_at` timestamp NOT NULL DEFAULT CURRENT_TIMESTAMP ON UPDATE CURRENT_TIMESTAMP,
  `display_order` int(11) DEFAULT NULL,
  PRIMARY KEY (`id`),
  UNIQUE KEY `slug` (`slug`)
) ENGINE=InnoDB AUTO_INCREMENT=5 DEFAULT CHARSET=latin1;

DROP TABLE IF EXISTS `services_images`;
CREATE TABLE `services_images` (
  `id` int(11) NOT NULL AUTO_INCREMENT,
  `title` varchar(255) DEFAULT NULL,
  `subtitle` varchar(255) DEFAULT NULL,
  `description` text,
  `created_at` timestamp NOT NULL DEFAULT CURRENT_TIMESTAMP,
  `updated_at` timestamp NOT NULL DEFAULT CURRENT_TIMESTAMP ON UPDATE CURRENT_TIMESTAMP,
  `display_order` int(11) DEFAULT NULL,
  `id_service` int(11) DEFAULT NULL,
  `image_url` varchar(255) DEFAULT NULL,
  PRIMARY KEY (`id`),
  KEY `id_service` (`id_service`),
  CONSTRAINT `services_images_ibfk_1` FOREIGN KEY (`id_service`) REFERENCES `services` (`id`) ON DELETE CASCADE
) ENGINE=InnoDB AUTO_INCREMENT=13 DEFAULT CHARSET=latin1;

DROP TABLE IF EXISTS `users`;
CREATE TABLE `users` (
  `id` int(11) NOT NULL AUTO_INCREMENT,
  `username` varchar(255) NOT NULL,
  `email` varchar(255) NOT NULL,
  `password` varchar(255) NOT NULL,
  `role_id` int(11) NOT NULL,
  `is_active` tinyint(1) DEFAULT '1',
  `created_at` timestamp NOT NULL DEFAULT CURRENT_TIMESTAMP,
  `updated_at` timestamp NOT NULL DEFAULT CURRENT_TIMESTAMP ON UPDATE CURRENT_TIMESTAMP,
  `lastname` varchar(255) NOT NULL,
  `photo` varchar(255) DEFAULT NULL,
  PRIMARY KEY (`id`),
  UNIQUE KEY `email` (`email`) USING BTREE,
  KEY `role_id` (`role_id`),
  CONSTRAINT `users_ibfk_1` FOREIGN KEY (`role_id`) REFERENCES `roles` (`id`)
) ENGINE=InnoDB AUTO_INCREMENT=31 DEFAULT CHARSET=utf8mb4;

DROP TABLE IF EXISTS `variant_attribute_options`;
CREATE TABLE `variant_attribute_options` (
  `variant_id` int(11) NOT NULL,
  `attribute_option_id` int(11) NOT NULL,
  PRIMARY KEY (`variant_id`,`attribute_option_id`),
  UNIQUE KEY `unique_variant_attribute` (`variant_id`,`attribute_option_id`),
  KEY `idx_attribute_option` (`attribute_option_id`),
  KEY `idx_variant` (`variant_id`)
) ENGINE=InnoDB DEFAULT CHARSET=latin1;

DROP TABLE IF EXISTS `variant_images`;
CREATE TABLE `variant_images` (
  `id` int(11) NOT NULL AUTO_INCREMENT,
  `variant_id` int(11) NOT NULL,
  `image_url` varchar(255) NOT NULL,
  `is_primary` tinyint(1) DEFAULT '0',
  PRIMARY KEY (`id`),
  KEY `idx_variant` (`variant_id`)
) ENGINE=InnoDB AUTO_INCREMENT=13 DEFAULT CHARSET=latin1;

INSERT INTO `customers` (`id`, `username`, `email`, `password`, `address_id`, `is_active`, `created_at`, `updated_at`, `lastname`, `photo`, `name`) VALUES
(3, 'Jhonnatan', 'user@example.com', '$2a$10$vk7kb/OC.HsSXps.x3DbwuJrn5GjmCbkto43TX9S8G0SyUU/ofzvq', 1, 1, '2024-08-16 02:41:34', '2024-11-30 00:05:34', 'Castro', '/uploads/1732925134811-802344022.jpeg', NULL),
(4, 'asd', 'asd@asd.com', '$2b$10$RwSQFjp0aF8IcAVGqymgWO7fB6WyMr4VJmc2L5aHOuEAuvS2IU3Ee', NULL, 1, '2025-05-21 04:49:46', '2025-05-21 04:49:46', 'asd', NULL, 'asd');

INSERT INTO `roles` (`id`, `name`, `created_at`, `updated_at`) VALUES
(1, 'superadmin', '2024-08-06 20:59:34', '2024-08-06 20:59:34'),
(2, 'admin', '2024-08-06 20:59:34', '2024-08-06 20:59:34');

INSERT INTO `roles_sections` (`id`, `id_section`, `id_rol`) VALUES
(86, 1, 2),
(87, 2, 2),
(88, 3, 2),
(99, 2, 1),
(100, 3, 1),
(101, 4, 1),
(102, 5, 1),
(103, 6, 1),
(104, 7, 1),
(105, 8, 1),
(106, 1, 1);

INSERT INTO `sections` (`id`, `name`, `url`, `image`, `display_order`) VALUES
(1, 'banners', '/dashboard/banners', 'Image', 1),
(2, 'services', '/dashboard/services', 'HandPlatter', 3),
(3, 'projects', '/dashboard/projects', 'FolderKanban', 4),
(4, 'pages', '/dashboard/pages', 'StickyNote', 2),
(5, 'gallery', '/dashboard/gallery', 'GalleryHorizontal', 5),
(6, 'profile', '/dashboard/profile', 'UserPen', 6),
(7, 'users', '/dashboard/users', 'Users', 7),
(8, 'roles', '/dashboard/roles', 'SlidersHorizontal', 8);

INSERT INTO `users` (`id`, `username`, `email`, `password`, `role_id`, `is_active`, `created_at`, `updated_at`, `lastname`, `photo`) VALUES
(3, 'Jhonnatan', 'admin@example.com', '$2a$10$vk7kb/OC.HsSXps.x3DbwuJrn5GjmCbkto43TX9S8G0SyUU/ofzvq', 1, 1, '2024-08-16 02:41:34', '2024-11-30 00:05:34', 'Castro', '/uploads/1732925134811-802344022.jpeg'),
(13, 'Derek', 'test@example.com', '$2a$10$yZd0FgII.5BMqj0p3o9eWOgKRppXAfOo/efab7NxFiBHCfyMYD3qa', 2, 1, '2024-08-16 03:41:19', '2024-10-29 00:36:55', 'Vito2', NULL);


